-- phpMyAdmin SQL Dump
-- version 4.9.2
-- https://www.phpmyadmin.net/
--
-- Host: 127.0.0.1:3306
-- Generation Time: Nov 14, 2020 at 07:52 AM
-- Server version: 10.4.10-MariaDB
-- PHP Version: 7.4.0

SET SQL_MODE = "NO_AUTO_VALUE_ON_ZERO";
SET AUTOCOMMIT = 0;
START TRANSACTION;
SET time_zone = "+00:00";


/*!40101 SET @OLD_CHARACTER_SET_CLIENT=@@CHARACTER_SET_CLIENT */;
/*!40101 SET @OLD_CHARACTER_SET_RESULTS=@@CHARACTER_SET_RESULTS */;
/*!40101 SET @OLD_COLLATION_CONNECTION=@@COLLATION_CONNECTION */;
/*!40101 SET NAMES utf8mb4 */;

--
-- Database: `bbhe`
--

-- --------------------------------------------------------

--
-- Table structure for table `admin_user`
--

DROP TABLE IF EXISTS `admin_user`;
CREATE TABLE IF NOT EXISTS `admin_user` (
  `admin_id` int(11) NOT NULL AUTO_INCREMENT,
  `admin_username` varchar(250) NOT NULL,
  `admin_password` varchar(250) NOT NULL,
  PRIMARY KEY (`admin_id`)
) ENGINE=MyISAM AUTO_INCREMENT=2 DEFAULT CHARSET=latin1;

--
-- Dumping data for table `admin_user`
--

INSERT INTO `admin_user` (`admin_id`, `admin_username`, `admin_password`) VALUES
(1, 'aliza', 'aliza');

-- --------------------------------------------------------

--
-- Table structure for table `bookings`
--

DROP TABLE IF EXISTS `bookings`;
CREATE TABLE IF NOT EXISTS `bookings` (
  `booking_id` int(11) NOT NULL AUTO_INCREMENT,
  `house_id` int(11) NOT NULL,
  `user_id` int(11) NOT NULL,
  `checkin` varchar(200) NOT NULL,
  `checkout` varchar(200) NOT NULL,
  `no_of_nights` int(11) NOT NULL,
  `no_of_guests` int(11) NOT NULL,
  `user_email` varchar(200) NOT NULL,
  `user_fullname` varchar(200) NOT NULL,
  `user_mobile` int(11) NOT NULL,
  `total_price` float NOT NULL,
  `added_on` timestamp NOT NULL DEFAULT current_timestamp() ON UPDATE current_timestamp(),
  `timeTocall` varchar(200) NOT NULL,
  `booking_status` varchar(200) NOT NULL,
  `payment_status` varchar(200) NOT NULL,
  `comments` text NOT NULL,
  PRIMARY KEY (`booking_id`),
  KEY `house_id` (`house_id`),
  KEY `user_id` (`user_id`)
) ENGINE=MyISAM AUTO_INCREMENT=3 DEFAULT CHARSET=latin1;

--
-- Dumping data for table `bookings`
--

INSERT INTO `bookings` (`booking_id`, `house_id`, `user_id`, `checkin`, `checkout`, `no_of_nights`, `no_of_guests`, `user_email`, `user_fullname`, `user_mobile`, `total_price`, `added_on`, `timeTocall`, `booking_status`, `payment_status`, `comments`) VALUES
(1, 1, 1, '2020-11-12', '2020-11-14', 3, 4, 'Aliza.Faisal1@studytafensw.edu.au', 'aliza faisal', 444000000, 720, '2020-11-11 01:54:11', '5:00am', 'pending', 'pending', ''),
(2, 3, 1, '2020-12-02', '2020-12-03', 2, 8, 'Aliza.Faisal1@studytafensw.edu.au', 'aliza faisal', 566985438, 320, '2020-11-11 01:58:55', '5:00', 'pending', 'pending', '');

-- --------------------------------------------------------

--
-- Table structure for table `bookings_details`
--

DROP TABLE IF EXISTS `bookings_details`;
CREATE TABLE IF NOT EXISTS `bookings_details` (
  `booking_id` int(11) NOT NULL,
  `id` int(11) NOT NULL AUTO_INCREMENT,
  `booked_dates` varchar(2000) NOT NULL,
  `rack_rate` int(11) NOT NULL,
  `orignal_rate` int(11) NOT NULL,
  `house_id` int(11) NOT NULL,
  PRIMARY KEY (`id`),
  KEY `house_id` (`house_id`)
) ENGINE=MyISAM AUTO_INCREMENT=6 DEFAULT CHARSET=latin1;

--
-- Dumping data for table `bookings_details`
--

INSERT INTO `bookings_details` (`booking_id`, `id`, `booked_dates`, `rack_rate`, `orignal_rate`, `house_id`) VALUES
(1, 1, '2020-11-12', 240, 0, 1),
(1, 2, '2020-11-13', 240, 0, 1),
(1, 3, '2020-11-14', 240, 0, 1),
(2, 4, '2020-12-02', 160, 0, 3),
(2, 5, '2020-12-03', 160, 0, 3);

-- --------------------------------------------------------

--
-- Table structure for table `end_users`
--

DROP TABLE IF EXISTS `end_users`;
CREATE TABLE IF NOT EXISTS `end_users` (
  `user_id` int(11) NOT NULL AUTO_INCREMENT,
  `username` varchar(200) NOT NULL,
  `user_email` varchar(200) NOT NULL,
  `user_password` varchar(200) NOT NULL,
  PRIMARY KEY (`user_id`)
) ENGINE=MyISAM AUTO_INCREMENT=7 DEFAULT CHARSET=latin1;

--
-- Dumping data for table `end_users`
--

INSERT INTO `end_users` (`user_id`, `username`, `user_email`, `user_password`) VALUES
(1, 'aliza', 'aliza@gmail.com', 'aliza'),
(2, 'faiza', 'faiza@gmail.com', 'faiza'),
(3, 'faisal', 'faisalitp@gmail.com', 'faisal'),
(4, 'aleeza', 'aleezanov@outlook.com', 'aleeza'),
(5, 'fatima', 'fatima.faixal@gmail.com', 'fatima'),
(6, 'robyn', 'robyn.blainey-boyland@tafensw.edu.au', 'robyn');

-- --------------------------------------------------------

--
-- Table structure for table `houses`
--

DROP TABLE IF EXISTS `houses`;
CREATE TABLE IF NOT EXISTS `houses` (
  `house_id` int(11) NOT NULL AUTO_INCREMENT,
  `house_name` varchar(256) NOT NULL,
  `house_location` varchar(256) NOT NULL,
  `house_reviews` varchar(256) NOT NULL,
  `house_features` varchar(1000) NOT NULL,
  `house_kitchen` int(11) NOT NULL,
  `house_baths` int(11) NOT NULL,
  `house_toilets` int(11) NOT NULL,
  `house_rooms` int(11) NOT NULL,
  `house_garage` int(11) NOT NULL,
  `house_short_desc` varchar(1000) NOT NULL,
  `house_long_desc` varchar(1000) NOT NULL,
  `house_max_guest` int(11) NOT NULL,
  `house_amenities` varchar(2000) NOT NULL,
  `house_HeroImg` varchar(250) NOT NULL,
  `house_img1` varchar(250) NOT NULL,
  `house_img2` varchar(250) NOT NULL,
  `house_img3` varchar(250) NOT NULL,
  `house_img4` varchar(250) NOT NULL,
  `house_status` int(11) NOT NULL,
  PRIMARY KEY (`house_id`)
) ENGINE=MyISAM AUTO_INCREMENT=4 DEFAULT CHARSET=latin1;

--
-- Dumping data for table `houses`
--

INSERT INTO `houses` (`house_id`, `house_name`, `house_location`, `house_reviews`, `house_features`, `house_kitchen`, `house_baths`, `house_toilets`, `house_rooms`, `house_garage`, `house_short_desc`, `house_long_desc`, `house_max_guest`, `house_amenities`, `house_HeroImg`, `house_img1`, `house_img2`, `house_img3`, `house_img4`, `house_status`) VALUES
(1, 'Barlings Beach Luxury Townhouse', 'Bralings Beach, Sydney , Australia', '4.7(62)', '\r\n					<p>\r\n							<i class=\"fas fa-home\"></i> Entire house <br>\r\n							You will have the house to yourself.\r\n\r\n						</p>\r\n<p>\r\n							<i class=\"fas fa-male\"></i> <i class=\"fas fa-female\"></i> 2 couples <br>\r\n							The accommodation is for a maximum of 2 couples\r\n						</p>\r\n						\r\n						<p>\r\n							<i class=\"fas fa-smoking-ban\"></i> No Smoking Policy <br>\r\n							The townhouse is strictly non-smoking\r\n						</p>\r\n						<p>\r\n							<i class=\"fas fa-cat\"></i> <i class=\"fas fa-dog\"></i> Pet friendly Policy <br>\r\n							The townhouse is pet-friendly\r\n						</p>\r\n						<p>\r\n							<i class=\"fas fa-wifi\"></i> Free Wifi <br>\r\n							Unlimited wifi is available throughout your stay\r\n						</p>\r\n						<p>\r\n							<i class=\"fas fa-broom\"></i>\r\n							Clean and tidy <br>\r\n							The cleaning service is as indicated unless alternatives are negotiated before your arrival\r\n\r\n						</p>', 1, 2, 3, 2, 1, 'Our luxury 2 Bedroom Townhouse has views from the deck and it&apos;s just 2 minutes walk to the beach', '\r\nThe townhouse offers a spacious living area with a leather lounge suite that overlooks a sun drenched,\r\ntree-filled garden. A separate kitchen has everything you need to make your stay relaxed and\r\ncomfortable\r\nTVs in the loungeroom and in each bedroom are sure to make everyone happy. An undercover BBQ area\r\nwith seating offers plenty of space to stretch out and enjoy that cup of freshly brewed coffee or a glass\r\nof wine\r\nEach bedroom has a Queen bed and spacious en-suite facilities. Plus there is a powder room for general\r\nuse\r\nA daily cleaning service provides a general tidy-up of the kitchen and bathrooms. This cleaning service\r\nalso includes a changeover of towels and bedding on every third day of your stay in our luxuriously\r\nappointed townhouse\r\nThis is the perfect place for your luxury home-away-from-home holiday', 4, '	<div class=\"row\">\r\n							<div class=\"column\">\r\n\r\n								<div>\r\n									<i class=\"fas fa-thermometer-quarter\"></i>\r\n									<p>Heating</p>\r\n								</div>\r\n								<div>\r\n									<i class=\"fas fa-parking\"></i>\r\n									<p>Free parking on premises</p>\r\n								</div>\r\n								<div>\r\n									<i class=\"fas fa-utensils\"></i>\r\n									<p>Kitchen</p>\r\n								</div>\r\n								<div>\r\n									<i class=\"fas fa-door-open\"></i>\r\n									<p>Private entrance</p>\r\n								</div>\r\n							</div>\r\n							<div class=\"column\">\r\n								<div>\r\n									<i class=\"fas fa-smoking-ban\"></i>\r\n									<p>Smoke alarm</p>\r\n								</div>\r\n								<div>\r\n									<i class=\"fas fa-fan\"></i>\r\n									<p>Air conditioning</p>\r\n								</div>\r\n								<div>\r\n									<i class=\"fas fa-tv\"></i>\r\n									<p>TVs in the loungeroom</p>\r\n								</div>\r\n\r\n\r\n\r\n							</div>\r\n						</div>\r\n\r\n					</div>', 'images/luxury_townhouse.jpeg', 'images/entrance_townhouse.jpg', 'images/single_bedroom.jpg', 'images/kitchen_livingroom.jpg', 'images/kitchen2.jpg', 1),
(2, 'Barlings Beach Seaside Holiday House', 'Bralings Beach, Sydney , Australia', '4.7(62)', '\r\n				\r\n			<p>\r\n							<i class=\"fas fa-home\"></i> Entire house <br>\r\n							You will have the house to yourself.\r\n\r\n						</p>\r\n<p>\r\n							<i class=\"fas fa-male\"></i> <i class=\"fas fa-female\"></i> 4-6 people <br>\r\n							The accommodation is for  2-6 people\r\n						</p>\r\n					\r\n						<p>\r\n							<i class=\"fas fa-smoking-ban\"></i> No Smoking Policy <br>\r\n							The townhouse is strictly non-smoking\r\n						</p>\r\n						<p>\r\n							<i class=\"fas fa-tv\"></i>A large TV in the living room <br>\r\n							There is a large TV in the living room along with a DVD player and a selection of movies\r\n						</p>\r\n						<p>\r\n							<i class=\"fas fa-wifi\"></i> Free Wifi <br>\r\n							 Unlimited wifi is\r\nprovided in the accommodation fee\r\n						</p>\r\n						<p>\r\n							<i class=\"fas fa-broom\"></i>\r\n							Clean and tidy <br>\r\n							A twice-weekly cleaning service includes a general tidy-up of the kitchen and bathrooms plus a weekly\r\nreplacement of towels and bedding\r\n\r\n						</p>\r\n					', 1, 2, 2, 3, 1, 'It offers accommodation with three bedrooms and two bathrooms for 2-6 people. Sit back and relax. Read a book, go for a walk along the beach, catch some waves or have a sleep-in. It&apos;s\r\nyour private space to enjoy.', 'This comfortable house has direct access to the beach through a gate in the backyard\r\nIt offers accommodation with three bedrooms and two bathrooms for 4-6 people. The master bedroom\r\nhas a Queen bed and an en-suite bathroom, the second bedroom has a Queen bed that can be\r\nseparated into two large single beds, and the third bedroom has bunk beds for 2 singles.\r\nThe generous, open plan living area and kitchen looks over a water-wise garden of native plantings. You\r\ncan relax indoors or laze away your time in this shaded garden\r\nThere is a large TV in the living room along with a DVD player and a selection of movies. Unlimited wifi is\r\nprovided in the accommodation fee\r\nSit back and relax. Read a book, go for a walk along the beach, catch some waves or have a sleep-in. It&apos;s\r\nyour private space to enjoy\r\nA twice-weekly cleaning service includes a general tidy-up of the kitchen and bathrooms plus a weekly\r\nreplacement of towels and bedding', 6, '	<div class=\"row\">\r\n							<div class=\"column\">\r\n\r\n								<div>\r\n									<i class=\"fas fa-thermometer-quarter\"></i>\r\n									<p>Heating</p>\r\n								</div>\r\n								<div>\r\n									<i class=\"fas fa-parking\"></i>\r\n									<p>Free parking on premises</p>\r\n								</div>\r\n								<div>\r\n									<i class=\"fas fa-utensils\"></i>\r\n									<p>Kitchen</p>\r\n								</div>\r\n								<div>\r\n									<i class=\"fas fa-door-open\"></i>\r\n									<p>Private entrance</p>\r\n								</div>\r\n							</div>\r\n							<div class=\"column\">\r\n								<div>\r\n									<i class=\"fas fa-smoking-ban\"></i>\r\n									<p>Smoke alarm</p>\r\n								</div>\r\n								<div>\r\n									<i class=\"fas fa-fan\"></i>\r\n									<p>Air conditioning</p>\r\n								</div>\r\n								<div>\r\n									<i class=\"fas fa-tv\"></i>\r\n									<p>TVs in the loungeroom</p>\r\n								</div>\r\n\r\n\r\n\r\n							</div>\r\n						</div>\r\n\r\n					</div>', 'images/holidayHouse.jpg', 'images/fireplace.jpg', 'images/bedroom1.jpg', 'images/toilet1.jpg', 'images/kitchen1.jpg', 1),
(3, 'Barlings beach shack', 'Bralings Beach, Sydney , Australia', '4.7', '\r\n<p><i class=\"fas fa-home\"></i> Entire house <br> You will have the house to yourself.</p>\r\n<p><i class=\"fas fa-male\"></i> <i class=\"fas fa-female\"></i> 8 Guest<br>The accommodation is for a maximum of 8 people</p><p><i class=\"fas fa-smoking-ban\"></i> No Smoking Policy <br>\r\nThe townhouse is strictly non-smoking</p><p><i class=\"fas fa-couch\"></i><i class=\"fas fa-tv\"></i>A large TV & couches in the living room <br>An open plan living area has comfy couches, a cinema tv and a kitchen area with the basics you need to make your stay relaxed and comfortable</p><p>\r\n<i class=\"fas fa-wifi\"></i> Free Wifi <br>Unlimited wifi is provided in the accommodation fee </p><p><i class=\"fas fa-broom\"></i>Clean and tidy <br>A weekly cleaning service provides a general tidy-up of the kitchen and bathroom. This cleaning service includes removal of rubbish and a changeover of towels and bedding\r\n</p>\r\n					', 1, 2, 3, 3, 1, 'Comfortable.. There are wonderful views over the water with\r\ndirect access to a dog-friendly beach 3 Bedroom House with lots of character', ' It has a large veranda for lazing away your holiday time. There&apos;s\r\nplenty of space for you to enjoy bbqs and sunset drinks at the end of each day\r\nIt is just 10 minutes&apos; walk, or a short drive, to a restaurant, cafes and other essential shopping needs at\r\nBarlings Beach\r\nThe centrally-located bathroom has a full-size bath, a separate shower, a toilet and plenty of hanging\r\nspace for all your beach towels. There is an outdoor shower for use at the end of each visit to the beach\r\nAn open plan living area has comfy couches, a cinema tv and a kitchen area with the basics you need to\r\nmake your stay relaxed and comfortable\r\nA weekly cleaning service provides a general tidy-up of the kitchen and bathroom. This cleaning service\r\nincludes removal of rubbish and a changeover of towels and bedding\r\nThis is a character-filled place for you to enjoy a casual, memorable beach holiday with family and\r\nfriends', 8, '	<div class=\"row\">\r\n							<div class=\"column\">\r\n\r\n								<div>\r\n									<i class=\"fas fa-cocktail\"></i>\r\n									<p>enjoy sunset drinks at the end of each day</p>\r\n								</div>\r\n								<div>\r\n									<i class=\"fas fa-dog\"></i>\r\n									<p>There are wonderful views over the water with direct access to a dog-friendly beach.</p>\r\n								</div>\r\n								<div>\r\n									<i class=\"fas fa-utensils\"></i>\r\n									<p>Kitchen</p>\r\n								</div>\r\n								<div>\r\n									<i class=\"fas fa-door-open\"></i>\r\n									<p>Private entrance</p>\r\n								</div>\r\n							</div>\r\n							<div class=\"column\">\r\n								<div>\r\n									<i class=\"fas fa-smoking-ban\"></i>\r\n									<p>Smoke alarm</p>\r\n								</div>\r\n								<div>\r\n									<i class=\"fas fa-fan\"></i>\r\n									<p>Air conditioning</p>\r\n								</div>\r\n							\r\n\r\n\r\n\r\n							</div>\r\n						</div>\r\n\r\n					</div>', 'images/shack.jfif', 'images/green-plant-on-white-wooden-table-3644742.jpg', 'images/bedroom1.jpg', 'images/shower2.jpg', 'images/single_bedroom.jpg', 1);

-- --------------------------------------------------------

--
-- Table structure for table `house_imglib`
--

DROP TABLE IF EXISTS `house_imglib`;
CREATE TABLE IF NOT EXISTS `house_imglib` (
  `house_id` int(11) NOT NULL,
  `id` int(11) NOT NULL AUTO_INCREMENT,
  `house_img` varchar(1000) NOT NULL,
  PRIMARY KEY (`id`),
  KEY `house_id` (`house_id`)
) ENGINE=MyISAM AUTO_INCREMENT=11 DEFAULT CHARSET=latin1;

--
-- Dumping data for table `house_imglib`
--

INSERT INTO `house_imglib` (`house_id`, `id`, `house_img`) VALUES
(1, 1, 'images/luxury_townhouse.jpeg'),
(1, 2, 'images/entrance_townhouse.jpg'),
(1, 3, 'images/single_bedroom.jpg'),
(1, 4, 'images/kitchen_livingroom.jpg'),
(1, 5, 'images/kitchen2.jpg'),
(2, 6, 'images/holidayHouse.jpg'),
(2, 7, 'images/fireplace.jpg'),
(2, 8, 'images/bedroom1.jpg'),
(2, 9, 'images/toilet1.jpg'),
(2, 10, 'images/kitchen1.jpg');

-- --------------------------------------------------------

--
-- Table structure for table `house_reviews`
--

DROP TABLE IF EXISTS `house_reviews`;
CREATE TABLE IF NOT EXISTS `house_reviews` (
  `house_id` int(11) NOT NULL,
  `review_id` int(11) NOT NULL AUTO_INCREMENT,
  `user_pic` varchar(1000) NOT NULL,
  `user_comment` varchar(1000) NOT NULL,
  `user_name` varchar(250) NOT NULL,
  `added_on` timestamp NOT NULL DEFAULT current_timestamp() ON UPDATE current_timestamp(),
  `rating` float NOT NULL,
  PRIMARY KEY (`review_id`),
  KEY `house_id` (`house_id`)
) ENGINE=MyISAM AUTO_INCREMENT=27 DEFAULT CHARSET=latin1;

--
-- Dumping data for table `house_reviews`
--

INSERT INTO `house_reviews` (`house_id`, `review_id`, `user_pic`, `user_comment`, `user_name`, `added_on`, `rating`) VALUES
(1, 1, 'images/fb5.jpg', 'house is so big, i fell in love with it wish i could stay longer there', 'tania', '2020-11-02 22:16:40', 4.2),
(1, 2, 'images/fb6.jpg', 'the best part was the bbq area in the house, and the spacious tv lounge', 'steve', '2020-11-02 22:16:40', 4.1),
(2, 3, 'images/fb7.jfif\r\n', 'It was a prime location n great for family, Right opposite the beach.  Lovely and peaceful and a lovely pool/BBQ area\r\n\r\n', 'Vanessa', '2020-11-02 22:16:40', 3.7),
(2, 4, 'images/fb8.jfif\r\n', 'Very clean, comfortable, and ideal for a peaceful relaxing break. Beautiful location opposite the beach.... Very well equipped beach house with gas stove, dishwasher, washing machine/dryer and air con. Even spotted a kangaroo on the front lawn one night', 'Jodie', '2020-11-02 22:16:40', 2.8),
(1, 5, 'images/fb10.jfif', 'i loved my stay there', 'Marium', '2020-11-02 22:16:40', 3.7),
(3, 6, 'images/fb9.jfif', 'A perfect house in a perfect location. Our family of four thoroughly enjoyed our stay and will definitely be back.', 'jodie', '2020-11-02 22:16:40', 4.7),
(3, 7, 'images/pic.jfif', 'The little blue house was perfect. Immaculate and clean and a great location to stay at. We will definitely be back again. Thank you so much.', 'Chelsea', '2020-11-02 22:16:40', 4.6),
(3, 8, 'images/person.jfif', 'Such a fabulous location. Exactly what we were looking for - close to the beach, perfectly clean and very comfortable. Would recommend and will hopefully visit again.', 'thomas', '2020-11-02 22:16:40', 4.2),
(3, 9, 'images/person1.jfif', 'Great place! Super easy to stay in, comfortable, we had so much fun!', 'sam', '2020-11-02 22:16:40', 4.1),
(3, 21, 'images/', 'We had a great time at the studio during the long weekend. It’s a beautiful place, very nicely decorated and at a perfect location, walking distance to the beach', 'Sara', '2020-11-07 14:18:47', 4.4),
(1, 26, 'images/', 'test', 'test', '2020-11-07 17:06:36', 4);

-- --------------------------------------------------------

--
-- Table structure for table `house_rooms`
--

DROP TABLE IF EXISTS `house_rooms`;
CREATE TABLE IF NOT EXISTS `house_rooms` (
  `room_id` int(11) NOT NULL AUTO_INCREMENT,
  `room_title` varchar(250) NOT NULL,
  `room_detail` varchar(250) NOT NULL,
  `room_icon` varchar(250) NOT NULL,
  `house_id` int(11) NOT NULL,
  PRIMARY KEY (`room_id`),
  KEY `house_id` (`house_id`)
) ENGINE=MyISAM AUTO_INCREMENT=9 DEFAULT CHARSET=latin1;

--
-- Dumping data for table `house_rooms`
--

INSERT INTO `house_rooms` (`room_id`, `room_title`, `room_detail`, `room_icon`, `house_id`) VALUES
(1, 'Bedroom 1', 'Each bedroom has a Queen bed and spacious en-suite facilities', 'https://www.flaticon.com/premium-icon/icons/svg/2284/2284001.svg', 1),
(2, 'Bedroom 2', 'Each bedroom has a Queen bed and spacious en-suite facilities', 'https://www.flaticon.com/premium-icon/icons/svg/2284/2284001.svg', 1),
(3, 'Bedroom 1', ' The master bedroom has a Queen bed and an en-suite bathroom', 'https://www.flaticon.com/premium-icon/icons/svg/2284/2284001.svg', 2),
(4, 'Bedroom 2', 'the second bedroom has a Queen bed that can be separated into two large single beds', 'https://www.flaticon.com/svg/static/icons/svg/1074/1074087.svg', 2),
(5, 'Bedroom 3', 'the third bedroom has bunk beds for 2 singles', 'https://www.flaticon.com/svg/static/icons/svg/3618/3618229.svg', 2),
(6, 'Bedrrom 1', 'queen-size bed in the main bedroom', 'https://www.flaticon.com/premium-icon/icons/svg/2284/2284001.svg', 3),
(7, 'Bedrrom 2', '  a queen-size bed that can be separated into two single beds in the second bedroom ', 'https://www.flaticon.com/svg/static/icons/svg/1074/1074087.svg', 3),
(8, 'Bedrrom 3', 'two sets of bunks in the third bedroom', 'https://www.flaticon.com/svg/static/icons/svg/3618/3618229.svg', 3);

-- --------------------------------------------------------

--
-- Table structure for table `house_schedule`
--

DROP TABLE IF EXISTS `house_schedule`;
CREATE TABLE IF NOT EXISTS `house_schedule` (
  `house_id` int(11) NOT NULL,
  `id` int(11) NOT NULL AUTO_INCREMENT,
  `house_date` date NOT NULL,
  `Rack_rate` float NOT NULL,
  `Avaiable` varchar(20) NOT NULL,
  `original_rate` float NOT NULL,
  PRIMARY KEY (`id`),
  KEY `house_id` (`house_id`)
) ENGINE=MyISAM AUTO_INCREMENT=1096 DEFAULT CHARSET=latin1;

--
-- Dumping data for table `house_schedule`
--

INSERT INTO `house_schedule` (`house_id`, `id`, `house_date`, `Rack_rate`, `Avaiable`, `original_rate`) VALUES
(1, 1, '2020-10-21', 240, 'Y', 0),
(1, 2, '2020-10-22', 240, 'Y', 0),
(1, 3, '2020-10-23', 240, 'Y', 0),
(1, 4, '2020-10-24', 240, 'Y', 0),
(1, 5, '2020-10-25', 240, 'Y', 0),
(1, 6, '2020-10-26', 240, 'Y', 0),
(1, 7, '2020-10-27', 240, 'Y', 0),
(1, 8, '2020-10-28', 240, 'Y', 0),
(1, 9, '2020-10-29', 240, 'Y', 0),
(1, 10, '2020-10-30', 240, 'Y', 0),
(1, 11, '2020-10-31', 240, 'Y', 0),
(1, 12, '2020-11-01', 240, 'Y', 0),
(1, 13, '2020-11-02', 240, 'Y', 0),
(1, 14, '2020-11-03', 240, 'Y', 0),
(1, 15, '2020-11-04', 240, 'Y', 0),
(1, 16, '2020-11-05', 240, 'Y', 0),
(1, 17, '2020-11-06', 240, 'Y', 0),
(1, 18, '2020-11-07', 240, 'Y', 0),
(1, 19, '2020-11-08', 240, 'Y', 0),
(1, 20, '2020-11-09', 240, 'Y', 0),
(1, 21, '2020-11-10', 240, 'Y', 0),
(1, 22, '2020-11-11', 240, 'Y', 0),
(1, 23, '2020-11-12', 240, 'N', 0),
(1, 24, '2020-11-13', 240, 'N', 0),
(1, 25, '2020-11-14', 240, 'N', 0),
(1, 26, '2020-11-15', 240, 'Y', 0),
(1, 27, '2020-11-16', 240, 'Y', 0),
(1, 28, '2020-11-17', 240, 'Y', 0),
(1, 29, '2020-11-18', 240, 'Y', 0),
(1, 30, '2020-11-19', 240, 'Y', 0),
(1, 31, '2020-11-20', 240, 'Y', 0),
(1, 32, '2020-11-21', 240, 'Y', 0),
(1, 33, '2020-11-22', 240, 'Y', 0),
(1, 34, '2020-11-23', 240, 'Y', 0),
(1, 35, '2020-11-24', 240, 'Y', 0),
(1, 36, '2020-11-25', 240, 'Y', 0),
(1, 37, '2020-11-26', 240, 'Y', 0),
(1, 38, '2020-11-27', 240, 'Y', 0),
(1, 39, '2020-11-28', 240, 'Y', 0),
(1, 40, '2020-11-29', 240, 'Y', 0),
(1, 41, '2020-11-30', 240, 'Y', 0),
(1, 42, '2020-12-01', 240, 'Y', 0),
(1, 43, '2020-12-02', 240, 'Y', 0),
(1, 44, '2020-12-03', 240, 'Y', 0),
(1, 45, '2020-12-04', 240, 'Y', 0),
(1, 46, '2020-12-05', 240, 'Y', 0),
(1, 47, '2020-12-06', 240, 'Y', 0),
(1, 48, '2020-12-07', 240, 'Y', 0),
(1, 49, '2020-12-08', 240, 'Y', 0),
(1, 50, '2020-12-09', 240, 'Y', 0),
(1, 51, '2020-12-10', 240, 'Y', 0),
(1, 52, '2020-12-11', 240, 'Y', 0),
(1, 53, '2020-12-12', 240, 'Y', 0),
(1, 54, '2020-12-13', 240, 'Y', 0),
(1, 55, '2020-12-14', 240, 'Y', 0),
(1, 56, '2020-12-15', 240, 'Y', 0),
(1, 57, '2020-12-16', 240, 'Y', 0),
(1, 58, '2020-12-17', 240, 'Y', 0),
(1, 59, '2020-12-18', 240, 'Y', 0),
(1, 60, '2020-12-19', 240, 'Y', 0),
(1, 61, '2020-12-20', 240, 'Y', 0),
(1, 62, '2020-12-21', 240, 'Y', 0),
(1, 63, '2020-12-22', 240, 'Y', 0),
(1, 64, '2020-12-23', 240, 'Y', 0),
(1, 65, '2020-12-24', 240, 'Y', 0),
(1, 66, '2020-12-25', 240, 'Y', 0),
(1, 67, '2020-12-26', 240, 'Y', 0),
(1, 68, '2020-12-27', 240, 'Y', 0),
(1, 69, '2020-12-28', 240, 'Y', 0),
(1, 70, '2020-12-29', 240, 'Y', 0),
(1, 71, '2020-12-30', 240, 'Y', 0),
(1, 72, '2020-12-31', 240, 'Y', 0),
(1, 73, '2021-01-01', 240, 'Y', 0),
(1, 74, '2021-01-02', 240, 'Y', 0),
(1, 75, '2021-01-03', 240, 'Y', 0),
(1, 76, '2021-01-04', 240, 'Y', 0),
(1, 77, '2021-01-05', 240, 'Y', 0),
(1, 78, '2021-01-06', 240, 'Y', 0),
(1, 79, '2021-01-07', 240, 'Y', 0),
(1, 80, '2021-01-08', 240, 'Y', 0),
(1, 81, '2021-01-09', 240, 'Y', 0),
(1, 82, '2021-01-10', 240, 'Y', 0),
(1, 83, '2021-01-11', 240, 'Y', 0),
(1, 84, '2021-01-12', 240, 'Y', 0),
(1, 85, '2021-01-13', 240, 'Y', 0),
(1, 86, '2021-01-14', 240, 'Y', 0),
(1, 87, '2021-01-15', 240, 'Y', 0),
(1, 88, '2021-01-16', 240, 'Y', 0),
(1, 89, '2021-01-17', 240, 'Y', 0),
(1, 90, '2021-01-18', 240, 'Y', 0),
(1, 91, '2021-01-19', 240, 'Y', 0),
(1, 92, '2021-01-20', 240, 'Y', 0),
(1, 93, '2021-01-21', 240, 'Y', 0),
(1, 94, '2021-01-22', 240, 'Y', 0),
(1, 95, '2021-01-23', 240, 'Y', 0),
(1, 96, '2021-01-24', 240, 'Y', 0),
(1, 97, '2021-01-25', 240, 'Y', 0),
(1, 98, '2021-01-26', 240, 'Y', 0),
(1, 99, '2021-01-27', 240, 'Y', 0),
(1, 100, '2021-01-28', 240, 'Y', 0),
(1, 101, '2021-01-29', 240, 'Y', 0),
(1, 102, '2021-01-30', 240, 'Y', 0),
(1, 103, '2021-01-31', 240, 'Y', 0),
(1, 104, '2021-02-01', 240, 'Y', 0),
(1, 105, '2021-02-02', 240, 'Y', 0),
(1, 106, '2021-02-03', 240, 'Y', 0),
(1, 107, '2021-02-04', 240, 'Y', 0),
(1, 108, '2021-02-05', 240, 'Y', 0),
(1, 109, '2021-02-06', 240, 'Y', 0),
(1, 110, '2021-02-07', 240, 'Y', 0),
(1, 111, '2021-02-08', 240, 'Y', 0),
(1, 112, '2021-02-09', 240, 'Y', 0),
(1, 113, '2021-02-10', 240, 'Y', 0),
(1, 114, '2021-02-11', 240, 'Y', 0),
(1, 115, '2021-02-12', 240, 'Y', 0),
(1, 116, '2021-02-13', 240, 'Y', 0),
(1, 117, '2021-02-14', 240, 'Y', 0),
(1, 118, '2021-02-15', 240, 'Y', 0),
(1, 119, '2021-02-16', 240, 'Y', 0),
(1, 120, '2021-02-17', 240, 'Y', 0),
(1, 121, '2021-02-18', 240, 'Y', 0),
(1, 122, '2021-02-19', 240, 'Y', 0),
(1, 123, '2021-02-20', 240, 'Y', 0),
(1, 124, '2021-02-21', 240, 'Y', 0),
(1, 125, '2021-02-22', 240, 'Y', 0),
(1, 126, '2021-02-23', 240, 'Y', 0),
(1, 127, '2021-02-24', 240, 'Y', 0),
(1, 128, '2021-02-25', 240, 'Y', 0),
(1, 129, '2021-02-26', 240, 'Y', 0),
(1, 130, '2021-02-27', 240, 'Y', 0),
(1, 131, '2021-02-28', 240, 'Y', 0),
(1, 132, '2021-03-01', 240, 'Y', 0),
(1, 133, '2021-03-02', 240, 'Y', 0),
(1, 134, '2021-03-03', 240, 'Y', 0),
(1, 135, '2021-03-04', 240, 'Y', 0),
(1, 136, '2021-03-05', 240, 'Y', 0),
(1, 137, '2021-03-06', 240, 'Y', 0),
(1, 138, '2021-03-07', 240, 'Y', 0),
(1, 139, '2021-03-08', 240, 'Y', 0),
(1, 140, '2021-03-09', 240, 'Y', 0),
(1, 141, '2021-03-10', 240, 'Y', 0),
(1, 142, '2021-03-11', 240, 'Y', 0),
(1, 143, '2021-03-12', 240, 'Y', 0),
(1, 144, '2021-03-13', 240, 'Y', 0),
(1, 145, '2021-03-14', 240, 'Y', 0),
(1, 146, '2021-03-15', 240, 'Y', 0),
(1, 147, '2021-03-16', 240, 'Y', 0),
(1, 148, '2021-03-17', 240, 'Y', 0),
(1, 149, '2021-03-18', 240, 'Y', 0),
(1, 150, '2021-03-19', 240, 'Y', 0),
(1, 151, '2021-03-20', 240, 'Y', 0),
(1, 152, '2021-03-21', 240, 'Y', 0),
(1, 153, '2021-03-22', 240, 'Y', 0),
(1, 154, '2021-03-23', 240, 'Y', 0),
(1, 155, '2021-03-24', 240, 'Y', 0),
(1, 156, '2021-03-25', 240, 'Y', 0),
(1, 157, '2021-03-26', 240, 'Y', 0),
(1, 158, '2021-03-27', 240, 'Y', 0),
(1, 159, '2021-03-28', 240, 'Y', 0),
(1, 160, '2021-03-29', 240, 'Y', 0),
(1, 161, '2021-03-30', 240, 'Y', 0),
(1, 162, '2021-03-31', 240, 'Y', 0),
(1, 163, '2021-04-01', 240, 'Y', 0),
(1, 164, '2021-04-02', 240, 'Y', 0),
(1, 165, '2021-04-03', 240, 'Y', 0),
(1, 166, '2021-04-04', 240, 'Y', 0),
(1, 167, '2021-04-05', 240, 'Y', 0),
(1, 168, '2021-04-06', 240, 'Y', 0),
(1, 169, '2021-04-07', 240, 'Y', 0),
(1, 170, '2021-04-08', 240, 'Y', 0),
(1, 171, '2021-04-09', 240, 'Y', 0),
(1, 172, '2021-04-10', 240, 'Y', 0),
(1, 173, '2021-04-11', 240, 'Y', 0),
(1, 174, '2021-04-12', 240, 'Y', 0),
(1, 175, '2021-04-13', 240, 'Y', 0),
(1, 176, '2021-04-14', 240, 'Y', 0),
(1, 177, '2021-04-15', 240, 'Y', 0),
(1, 178, '2021-04-16', 240, 'Y', 0),
(1, 179, '2021-04-17', 240, 'Y', 0),
(1, 180, '2021-04-18', 240, 'Y', 0),
(1, 181, '2021-04-19', 240, 'Y', 0),
(1, 182, '2021-04-20', 240, 'Y', 0),
(1, 183, '2021-04-21', 240, 'Y', 0),
(1, 184, '2021-04-22', 240, 'Y', 0),
(1, 185, '2021-04-23', 240, 'Y', 0),
(1, 186, '2021-04-24', 240, 'Y', 0),
(1, 187, '2021-04-25', 240, 'Y', 0),
(1, 188, '2021-04-26', 240, 'Y', 0),
(1, 189, '2021-04-27', 240, 'Y', 0),
(1, 190, '2021-04-28', 240, 'Y', 0),
(1, 191, '2021-04-29', 240, 'Y', 0),
(1, 192, '2021-04-30', 240, 'Y', 0),
(1, 193, '2021-05-01', 180, 'Y', 0),
(1, 194, '2021-05-02', 180, 'Y', 0),
(1, 195, '2021-05-03', 180, 'Y', 0),
(1, 196, '2021-05-04', 180, 'Y', 0),
(1, 197, '2021-05-05', 180, 'Y', 0),
(1, 198, '2021-05-06', 180, 'Y', 0),
(1, 199, '2021-05-07', 180, 'Y', 0),
(1, 200, '2021-05-08', 180, 'Y', 0),
(1, 201, '2021-05-09', 180, 'Y', 0),
(1, 202, '2021-05-10', 180, 'Y', 0),
(1, 203, '2021-05-11', 180, 'Y', 0),
(1, 204, '2021-05-12', 180, 'Y', 0),
(1, 205, '2021-05-13', 180, 'Y', 0),
(1, 206, '2021-05-14', 180, 'Y', 0),
(1, 207, '2021-05-15', 180, 'Y', 0),
(1, 208, '2021-05-16', 180, 'Y', 0),
(1, 209, '2021-05-17', 180, 'Y', 0),
(1, 210, '2021-05-18', 180, 'Y', 0),
(1, 211, '2021-05-19', 180, 'Y', 0),
(1, 212, '2021-05-20', 180, 'Y', 0),
(1, 213, '2021-05-21', 180, 'Y', 0),
(1, 214, '2021-05-22', 180, 'Y', 0),
(1, 215, '2021-05-23', 180, 'Y', 0),
(1, 216, '2021-05-24', 180, 'Y', 0),
(1, 217, '2021-05-25', 180, 'Y', 0),
(1, 218, '2021-05-26', 180, 'Y', 0),
(1, 219, '2021-05-27', 180, 'Y', 0),
(1, 220, '2021-05-28', 180, 'Y', 0),
(1, 221, '2021-05-29', 180, 'Y', 0),
(1, 222, '2021-05-30', 180, 'Y', 0),
(1, 223, '2021-05-31', 180, 'Y', 0),
(1, 224, '2021-06-01', 180, 'Y', 0),
(1, 225, '2021-06-02', 180, 'Y', 0),
(1, 226, '2021-06-03', 180, 'Y', 0),
(1, 227, '2021-06-04', 180, 'Y', 0),
(1, 228, '2021-06-05', 180, 'Y', 0),
(1, 229, '2021-06-06', 180, 'Y', 0),
(1, 230, '2021-06-07', 180, 'Y', 0),
(1, 231, '2021-06-08', 180, 'Y', 0),
(1, 232, '2021-06-09', 180, 'Y', 0),
(1, 233, '2021-06-10', 180, 'Y', 0),
(1, 234, '2021-06-11', 180, 'Y', 0),
(1, 235, '2021-06-12', 180, 'Y', 0),
(1, 236, '2021-06-13', 180, 'Y', 0),
(1, 237, '2021-06-14', 180, 'Y', 0),
(1, 238, '2021-06-15', 180, 'Y', 0),
(1, 239, '2021-06-16', 180, 'Y', 0),
(1, 240, '2021-06-17', 180, 'Y', 0),
(1, 241, '2021-06-18', 180, 'Y', 0),
(1, 242, '2021-06-19', 180, 'Y', 0),
(1, 243, '2021-06-20', 180, 'Y', 0),
(1, 244, '2021-06-21', 180, 'Y', 0),
(1, 245, '2021-06-22', 180, 'Y', 0),
(1, 246, '2021-06-23', 180, 'Y', 0),
(1, 247, '2021-06-24', 180, 'Y', 0),
(1, 248, '2021-06-25', 180, 'Y', 0),
(1, 249, '2021-06-26', 180, 'Y', 0),
(1, 250, '2021-06-27', 180, 'Y', 0),
(1, 251, '2021-06-28', 180, 'Y', 0),
(1, 252, '2021-06-29', 180, 'Y', 0),
(1, 253, '2021-06-30', 180, 'Y', 0),
(1, 254, '2021-07-01', 180, 'Y', 0),
(1, 255, '2021-07-02', 180, 'Y', 0),
(1, 256, '2021-07-03', 180, 'Y', 0),
(1, 257, '2021-07-04', 180, 'Y', 0),
(1, 258, '2021-07-05', 180, 'Y', 0),
(1, 259, '2021-07-06', 180, 'Y', 0),
(1, 260, '2021-07-07', 180, 'Y', 0),
(1, 261, '2021-07-08', 180, 'Y', 0),
(1, 262, '2021-07-09', 180, 'Y', 0),
(1, 263, '2021-07-10', 180, 'Y', 0),
(1, 264, '2021-07-11', 180, 'Y', 0),
(1, 265, '2021-07-12', 180, 'Y', 0),
(1, 266, '2021-07-13', 180, 'Y', 0),
(1, 267, '2021-07-14', 180, 'Y', 0),
(1, 268, '2021-07-15', 180, 'Y', 0),
(1, 269, '2021-07-16', 180, 'Y', 0),
(1, 270, '2021-07-17', 180, 'Y', 0),
(1, 271, '2021-07-18', 180, 'Y', 0),
(1, 272, '2021-07-19', 180, 'Y', 0),
(1, 273, '2021-07-20', 180, 'Y', 0),
(1, 274, '2021-07-21', 180, 'Y', 0),
(1, 275, '2021-07-22', 180, 'Y', 0),
(1, 276, '2021-07-23', 180, 'Y', 0),
(1, 277, '2021-07-24', 180, 'Y', 0),
(1, 278, '2021-07-25', 180, 'Y', 0),
(1, 279, '2021-07-26', 180, 'Y', 0),
(1, 280, '2021-07-27', 180, 'Y', 0),
(1, 281, '2021-07-28', 180, 'Y', 0),
(1, 282, '2021-07-29', 180, 'Y', 0),
(1, 283, '2021-07-30', 180, 'Y', 0),
(1, 284, '2021-07-31', 180, 'Y', 0),
(1, 285, '2021-08-01', 180, 'Y', 0),
(1, 286, '2021-08-02', 180, 'Y', 0),
(1, 287, '2021-08-03', 180, 'Y', 0),
(1, 288, '2021-08-04', 180, 'Y', 0),
(1, 289, '2021-08-05', 180, 'Y', 0),
(1, 290, '2021-08-06', 180, 'Y', 0),
(1, 291, '2021-08-07', 180, 'Y', 0),
(1, 292, '2021-08-08', 180, 'Y', 0),
(1, 293, '2021-08-09', 180, 'Y', 0),
(1, 294, '2021-08-10', 180, 'Y', 0),
(1, 295, '2021-08-11', 180, 'Y', 0),
(1, 296, '2021-08-12', 180, 'Y', 0),
(1, 297, '2021-08-13', 180, 'Y', 0),
(1, 298, '2021-08-14', 180, 'Y', 0),
(1, 299, '2021-08-15', 180, 'Y', 0),
(1, 300, '2021-08-16', 180, 'Y', 0),
(1, 301, '2021-08-17', 180, 'Y', 0),
(1, 302, '2021-08-18', 180, 'Y', 0),
(1, 303, '2021-08-19', 180, 'Y', 0),
(1, 304, '2021-08-20', 180, 'Y', 0),
(1, 305, '2021-08-21', 180, 'Y', 0),
(1, 306, '2021-08-22', 180, 'Y', 0),
(1, 307, '2021-08-23', 180, 'Y', 0),
(1, 308, '2021-08-24', 180, 'Y', 0),
(1, 309, '2021-08-25', 180, 'Y', 0),
(1, 310, '2021-08-26', 180, 'Y', 0),
(1, 311, '2021-08-27', 180, 'Y', 0),
(1, 312, '2021-08-28', 180, 'Y', 0),
(1, 313, '2021-08-29', 180, 'Y', 0),
(1, 314, '2021-08-30', 180, 'Y', 0),
(1, 315, '2021-08-31', 180, 'Y', 0),
(1, 316, '2021-09-01', 180, 'Y', 0),
(1, 317, '2021-09-02', 180, 'Y', 0),
(1, 318, '2021-09-03', 180, 'Y', 0),
(1, 319, '2021-09-04', 180, 'Y', 0),
(1, 320, '2021-09-05', 180, 'Y', 0),
(1, 321, '2021-09-06', 180, 'Y', 0),
(1, 322, '2021-09-07', 180, 'Y', 0),
(1, 323, '2021-09-08', 180, 'Y', 0),
(1, 324, '2021-09-09', 180, 'Y', 0),
(1, 325, '2021-09-10', 180, 'Y', 0),
(1, 326, '2021-09-11', 180, 'Y', 0),
(1, 327, '2021-09-12', 180, 'Y', 0),
(1, 328, '2021-09-13', 180, 'Y', 0),
(1, 329, '2021-09-14', 180, 'Y', 0),
(1, 330, '2021-09-15', 180, 'Y', 0),
(1, 331, '2021-09-16', 180, 'Y', 0),
(1, 332, '2021-09-17', 180, 'Y', 0),
(1, 333, '2021-09-18', 180, 'Y', 0),
(1, 334, '2021-09-19', 180, 'Y', 0),
(1, 335, '2021-09-20', 180, 'Y', 0),
(1, 336, '2021-09-21', 180, 'Y', 0),
(1, 337, '2021-09-22', 180, 'Y', 0),
(1, 338, '2021-09-23', 180, 'Y', 0),
(1, 339, '2021-09-24', 180, 'Y', 0),
(1, 340, '2021-09-25', 180, 'Y', 0),
(1, 341, '2021-09-26', 180, 'Y', 0),
(1, 342, '2021-09-27', 180, 'Y', 0),
(1, 343, '2021-09-28', 180, 'Y', 0),
(1, 344, '2021-09-29', 180, 'Y', 0),
(1, 345, '2021-09-30', 180, 'Y', 0),
(1, 346, '2021-10-01', 240, 'Y', 0),
(1, 347, '2021-10-02', 240, 'Y', 0),
(1, 348, '2021-10-03', 240, 'Y', 0),
(1, 349, '2021-10-04', 240, 'Y', 0),
(1, 350, '2021-10-05', 240, 'Y', 0),
(1, 351, '2021-10-06', 240, 'Y', 0),
(1, 352, '2021-10-07', 240, 'Y', 0),
(1, 353, '2021-10-08', 240, 'Y', 0),
(1, 354, '2021-10-09', 240, 'Y', 0),
(1, 355, '2021-10-10', 240, 'Y', 0),
(1, 356, '2021-10-11', 240, 'Y', 0),
(1, 357, '2021-10-12', 240, 'Y', 0),
(1, 358, '2021-10-13', 240, 'Y', 0),
(1, 359, '2021-10-14', 240, 'Y', 0),
(1, 360, '2021-10-15', 240, 'Y', 0),
(1, 361, '2021-10-16', 240, 'Y', 0),
(1, 362, '2021-10-17', 240, 'Y', 0),
(1, 363, '2021-10-18', 240, 'Y', 0),
(1, 364, '2021-10-19', 240, 'Y', 0),
(1, 365, '2021-10-20', 240, 'Y', 0),
(2, 366, '2020-10-21', 200, 'Y', 0),
(2, 367, '2020-10-22', 200, 'Y', 0),
(2, 368, '2020-10-23', 200, 'Y', 0),
(2, 369, '2020-10-24', 200, 'Y', 0),
(2, 370, '2020-10-25', 200, 'Y', 0),
(2, 371, '2020-10-26', 200, 'Y', 0),
(2, 372, '2020-10-27', 200, 'Y', 0),
(2, 373, '2020-10-28', 200, 'Y', 0),
(2, 374, '2020-10-29', 200, 'Y', 0),
(2, 375, '2020-10-30', 200, 'Y', 0),
(2, 376, '2020-10-31', 200, 'Y', 0),
(2, 377, '2020-11-01', 200, 'Y', 0),
(2, 378, '2020-11-02', 200, 'Y', 0),
(2, 379, '2020-11-03', 200, 'Y', 0),
(2, 380, '2020-11-04', 200, 'Y', 0),
(2, 381, '2020-11-05', 200, 'Y', 0),
(2, 382, '2020-11-06', 200, 'Y', 0),
(2, 383, '2020-11-07', 200, 'Y', 0),
(2, 384, '2020-11-08', 200, 'Y', 0),
(2, 385, '2020-11-09', 200, 'Y', 0),
(2, 386, '2020-11-10', 200, 'Y', 0),
(2, 387, '2020-11-11', 200, 'Y', 0),
(2, 388, '2020-11-12', 200, 'Y', 0),
(2, 389, '2020-11-13', 200, 'Y', 0),
(2, 390, '2020-11-14', 200, 'Y', 0),
(2, 391, '2020-11-15', 200, 'Y', 0),
(2, 392, '2020-11-16', 200, 'Y', 0),
(2, 393, '2020-11-17', 200, 'Y', 0),
(2, 394, '2020-11-18', 200, 'Y', 0),
(2, 395, '2020-11-19', 200, 'Y', 0),
(2, 396, '2020-11-20', 200, 'Y', 0),
(2, 397, '2020-11-21', 200, 'Y', 0),
(2, 398, '2020-11-22', 200, 'Y', 0),
(2, 399, '2020-11-23', 200, 'Y', 0),
(2, 400, '2020-11-24', 200, 'Y', 0),
(2, 401, '2020-11-25', 200, 'Y', 0),
(2, 402, '2020-11-26', 200, 'Y', 0),
(2, 403, '2020-11-27', 200, 'Y', 0),
(2, 404, '2020-11-28', 200, 'Y', 0),
(2, 405, '2020-11-29', 200, 'Y', 0),
(2, 406, '2020-11-30', 200, 'Y', 0),
(2, 407, '2020-12-01', 200, 'Y', 0),
(2, 408, '2020-12-02', 200, 'Y', 0),
(2, 409, '2020-12-03', 200, 'Y', 0),
(2, 410, '2020-12-04', 200, 'Y', 0),
(2, 411, '2020-12-05', 200, 'Y', 0),
(2, 412, '2020-12-06', 200, 'Y', 0),
(2, 413, '2020-12-07', 200, 'Y', 0),
(2, 414, '2020-12-08', 200, 'Y', 0),
(2, 415, '2020-12-09', 200, 'Y', 0),
(2, 416, '2020-12-10', 200, 'Y', 0),
(2, 417, '2020-12-11', 200, 'Y', 0),
(2, 418, '2020-12-12', 200, 'Y', 0),
(2, 419, '2020-12-13', 200, 'Y', 0),
(2, 420, '2020-12-14', 200, 'Y', 0),
(2, 421, '2020-12-15', 200, 'Y', 0),
(2, 422, '2020-12-16', 200, 'Y', 0),
(2, 423, '2020-12-17', 200, 'Y', 0),
(2, 424, '2020-12-18', 200, 'Y', 0),
(2, 425, '2020-12-19', 200, 'Y', 0),
(2, 426, '2020-12-20', 200, 'Y', 0),
(2, 427, '2020-12-21', 200, 'Y', 0),
(2, 428, '2020-12-22', 200, 'Y', 0),
(2, 429, '2020-12-23', 200, 'Y', 0),
(2, 430, '2020-12-24', 200, 'Y', 0),
(2, 431, '2020-12-25', 200, 'Y', 0),
(2, 432, '2020-12-26', 200, 'Y', 0),
(2, 433, '2020-12-27', 200, 'Y', 0),
(2, 434, '2020-12-28', 200, 'Y', 0),
(2, 435, '2020-12-29', 200, 'Y', 0),
(2, 436, '2020-12-30', 200, 'Y', 0),
(2, 437, '2020-12-31', 200, 'Y', 0),
(2, 438, '2021-01-01', 200, 'Y', 0),
(2, 439, '2021-01-02', 200, 'Y', 0),
(2, 440, '2021-01-03', 200, 'Y', 0),
(2, 441, '2021-01-04', 200, 'Y', 0),
(2, 442, '2021-01-05', 200, 'Y', 0),
(2, 443, '2021-01-06', 200, 'Y', 0),
(2, 444, '2021-01-07', 200, 'Y', 0),
(2, 445, '2021-01-08', 200, 'Y', 0),
(2, 446, '2021-01-09', 200, 'Y', 0),
(2, 447, '2021-01-10', 200, 'Y', 0),
(2, 448, '2021-01-11', 200, 'Y', 0),
(2, 449, '2021-01-12', 200, 'Y', 0),
(2, 450, '2021-01-13', 200, 'Y', 0),
(2, 451, '2021-01-14', 200, 'Y', 0),
(2, 452, '2021-01-15', 200, 'Y', 0),
(2, 453, '2021-01-16', 200, 'Y', 0),
(2, 454, '2021-01-17', 200, 'Y', 0),
(2, 455, '2021-01-18', 200, 'Y', 0),
(2, 456, '2021-01-19', 200, 'Y', 0),
(2, 457, '2021-01-20', 200, 'Y', 0),
(2, 458, '2021-01-21', 200, 'Y', 0),
(2, 459, '2021-01-22', 200, 'Y', 0),
(2, 460, '2021-01-23', 200, 'Y', 0),
(2, 461, '2021-01-24', 200, 'Y', 0),
(2, 462, '2021-01-25', 200, 'Y', 0),
(2, 463, '2021-01-26', 200, 'Y', 0),
(2, 464, '2021-01-27', 200, 'Y', 0),
(2, 465, '2021-01-28', 200, 'Y', 0),
(2, 466, '2021-01-29', 200, 'Y', 0),
(2, 467, '2021-01-30', 200, 'Y', 0),
(2, 468, '2021-01-31', 200, 'Y', 0),
(2, 469, '2021-02-01', 200, 'Y', 0),
(2, 470, '2021-02-02', 200, 'Y', 0),
(2, 471, '2021-02-03', 200, 'Y', 0),
(2, 472, '2021-02-04', 200, 'Y', 0),
(2, 473, '2021-02-05', 200, 'Y', 0),
(2, 474, '2021-02-06', 200, 'Y', 0),
(2, 475, '2021-02-07', 200, 'Y', 0),
(2, 476, '2021-02-08', 200, 'Y', 0),
(2, 477, '2021-02-09', 200, 'Y', 0),
(2, 478, '2021-02-10', 200, 'Y', 0),
(2, 479, '2021-02-11', 200, 'Y', 0),
(2, 480, '2021-02-12', 200, 'Y', 0),
(2, 481, '2021-02-13', 200, 'Y', 0),
(2, 482, '2021-02-14', 200, 'Y', 0),
(2, 483, '2021-02-15', 200, 'Y', 0),
(2, 484, '2021-02-16', 200, 'Y', 0),
(2, 485, '2021-02-17', 200, 'Y', 0),
(2, 486, '2021-02-18', 200, 'Y', 0),
(2, 487, '2021-02-19', 200, 'Y', 0),
(2, 488, '2021-02-20', 200, 'Y', 0),
(2, 489, '2021-02-21', 200, 'Y', 0),
(2, 490, '2021-02-22', 200, 'Y', 0),
(2, 491, '2021-02-23', 200, 'Y', 0),
(2, 492, '2021-02-24', 200, 'Y', 0),
(2, 493, '2021-02-25', 200, 'Y', 0),
(2, 494, '2021-02-26', 200, 'Y', 0),
(2, 495, '2021-02-27', 200, 'Y', 0),
(2, 496, '2021-02-28', 200, 'Y', 0),
(2, 497, '2021-03-01', 200, 'Y', 0),
(2, 498, '2021-03-02', 200, 'Y', 0),
(2, 499, '2021-03-03', 200, 'Y', 0),
(2, 500, '2021-03-04', 200, 'Y', 0),
(2, 501, '2021-03-05', 200, 'Y', 0),
(2, 502, '2021-03-06', 200, 'Y', 0),
(2, 503, '2021-03-07', 200, 'Y', 0),
(2, 504, '2021-03-08', 200, 'Y', 0),
(2, 505, '2021-03-09', 200, 'Y', 0),
(2, 506, '2021-03-10', 200, 'Y', 0),
(2, 507, '2021-03-11', 200, 'Y', 0),
(2, 508, '2021-03-12', 200, 'Y', 0),
(2, 509, '2021-03-13', 200, 'Y', 0),
(2, 510, '2021-03-14', 200, 'Y', 0),
(2, 511, '2021-03-15', 200, 'Y', 0),
(2, 512, '2021-03-16', 200, 'Y', 0),
(2, 513, '2021-03-17', 200, 'Y', 0),
(2, 514, '2021-03-18', 200, 'Y', 0),
(2, 515, '2021-03-19', 200, 'Y', 0),
(2, 516, '2021-03-20', 200, 'Y', 0),
(2, 517, '2021-03-21', 200, 'Y', 0),
(2, 518, '2021-03-22', 200, 'Y', 0),
(2, 519, '2021-03-23', 200, 'Y', 0),
(2, 520, '2021-03-24', 200, 'Y', 0),
(2, 521, '2021-03-25', 200, 'Y', 0),
(2, 522, '2021-03-26', 200, 'Y', 0),
(2, 523, '2021-03-27', 200, 'Y', 0),
(2, 524, '2021-03-28', 200, 'Y', 0),
(2, 525, '2021-03-29', 200, 'Y', 0),
(2, 526, '2021-03-30', 200, 'Y', 0),
(2, 527, '2021-03-31', 200, 'Y', 0),
(2, 528, '2021-04-01', 200, 'Y', 0),
(2, 529, '2021-04-02', 200, 'Y', 0),
(2, 530, '2021-04-03', 200, 'Y', 0),
(2, 531, '2021-04-04', 200, 'Y', 0),
(2, 532, '2021-04-05', 200, 'Y', 0),
(2, 533, '2021-04-06', 200, 'Y', 0),
(2, 534, '2021-04-07', 200, 'Y', 0),
(2, 535, '2021-04-08', 200, 'Y', 0),
(2, 536, '2021-04-09', 200, 'Y', 0),
(2, 537, '2021-04-10', 200, 'Y', 0),
(2, 538, '2021-04-11', 200, 'Y', 0),
(2, 539, '2021-04-12', 200, 'Y', 0),
(2, 540, '2021-04-13', 200, 'Y', 0),
(2, 541, '2021-04-14', 200, 'Y', 0),
(2, 542, '2021-04-15', 200, 'Y', 0),
(2, 543, '2021-04-16', 200, 'Y', 0),
(2, 544, '2021-04-17', 200, 'Y', 0),
(2, 545, '2021-04-18', 200, 'Y', 0),
(2, 546, '2021-04-19', 200, 'Y', 0),
(2, 547, '2021-04-20', 200, 'Y', 0),
(2, 548, '2021-04-21', 200, 'Y', 0),
(2, 549, '2021-04-22', 200, 'Y', 0),
(2, 550, '2021-04-23', 200, 'Y', 0),
(2, 551, '2021-04-24', 200, 'Y', 0),
(2, 552, '2021-04-25', 200, 'Y', 0),
(2, 553, '2021-04-26', 200, 'Y', 0),
(2, 554, '2021-04-27', 200, 'Y', 0),
(2, 555, '2021-04-28', 200, 'Y', 0),
(2, 556, '2021-04-29', 200, 'Y', 0),
(2, 557, '2021-04-30', 200, 'Y', 0),
(2, 558, '2021-05-01', 160, 'Y', 0),
(2, 559, '2021-05-02', 160, 'Y', 0),
(2, 560, '2021-05-03', 160, 'Y', 0),
(2, 561, '2021-05-04', 160, 'Y', 0),
(2, 562, '2021-05-05', 160, 'Y', 0),
(2, 563, '2021-05-06', 160, 'Y', 0),
(2, 564, '2021-05-07', 160, 'Y', 0),
(2, 565, '2021-05-08', 160, 'Y', 0),
(2, 566, '2021-05-09', 160, 'Y', 0),
(2, 567, '2021-05-10', 160, 'Y', 0),
(2, 568, '2021-05-11', 160, 'Y', 0),
(2, 569, '2021-05-12', 160, 'Y', 0),
(2, 570, '2021-05-13', 160, 'Y', 0),
(2, 571, '2021-05-14', 160, 'Y', 0),
(2, 572, '2021-05-15', 160, 'Y', 0),
(2, 573, '2021-05-16', 160, 'Y', 0),
(2, 574, '2021-05-17', 160, 'Y', 0),
(2, 575, '2021-05-18', 160, 'Y', 0),
(2, 576, '2021-05-19', 160, 'Y', 0),
(2, 577, '2021-05-20', 160, 'Y', 0),
(2, 578, '2021-05-21', 160, 'Y', 0),
(2, 579, '2021-05-22', 160, 'Y', 0),
(2, 580, '2021-05-23', 160, 'Y', 0),
(2, 581, '2021-05-24', 160, 'Y', 0),
(2, 582, '2021-05-25', 160, 'Y', 0),
(2, 583, '2021-05-26', 160, 'Y', 0),
(2, 584, '2021-05-27', 160, 'Y', 0),
(2, 585, '2021-05-28', 160, 'Y', 0),
(2, 586, '2021-05-29', 160, 'Y', 0),
(2, 587, '2021-05-30', 160, 'Y', 0),
(2, 588, '2021-05-31', 160, 'Y', 0),
(2, 589, '2021-06-01', 160, 'Y', 0),
(2, 590, '2021-06-02', 160, 'Y', 0),
(2, 591, '2021-06-03', 160, 'Y', 0),
(2, 592, '2021-06-04', 160, 'Y', 0),
(2, 593, '2021-06-05', 160, 'Y', 0),
(2, 594, '2021-06-06', 160, 'Y', 0),
(2, 595, '2021-06-07', 160, 'Y', 0),
(2, 596, '2021-06-08', 160, 'Y', 0),
(2, 597, '2021-06-09', 160, 'Y', 0),
(2, 598, '2021-06-10', 160, 'Y', 0),
(2, 599, '2021-06-11', 160, 'Y', 0),
(2, 600, '2021-06-12', 160, 'Y', 0),
(2, 601, '2021-06-13', 160, 'Y', 0),
(2, 602, '2021-06-14', 160, 'Y', 0),
(2, 603, '2021-06-15', 160, 'Y', 0),
(2, 604, '2021-06-16', 160, 'Y', 0),
(2, 605, '2021-06-17', 160, 'Y', 0),
(2, 606, '2021-06-18', 160, 'Y', 0),
(2, 607, '2021-06-19', 160, 'Y', 0),
(2, 608, '2021-06-20', 160, 'Y', 0),
(2, 609, '2021-06-21', 160, 'Y', 0),
(2, 610, '2021-06-22', 160, 'Y', 0),
(2, 611, '2021-06-23', 160, 'Y', 0),
(2, 612, '2021-06-24', 160, 'Y', 0),
(2, 613, '2021-06-25', 160, 'Y', 0),
(2, 614, '2021-06-26', 160, 'Y', 0),
(2, 615, '2021-06-27', 160, 'Y', 0),
(2, 616, '2021-06-28', 160, 'Y', 0),
(2, 617, '2021-06-29', 160, 'Y', 0),
(2, 618, '2021-06-30', 160, 'Y', 0),
(2, 619, '2021-07-01', 160, 'Y', 0),
(2, 620, '2021-07-02', 160, 'Y', 0),
(2, 621, '2021-07-03', 160, 'Y', 0),
(2, 622, '2021-07-04', 160, 'Y', 0),
(2, 623, '2021-07-05', 160, 'Y', 0),
(2, 624, '2021-07-06', 160, 'Y', 0),
(2, 625, '2021-07-07', 160, 'Y', 0),
(2, 626, '2021-07-08', 160, 'Y', 0),
(2, 627, '2021-07-09', 160, 'Y', 0),
(2, 628, '2021-07-10', 160, 'Y', 0),
(2, 629, '2021-07-11', 160, 'Y', 0),
(2, 630, '2021-07-12', 160, 'Y', 0),
(2, 631, '2021-07-13', 160, 'Y', 0),
(2, 632, '2021-07-14', 160, 'Y', 0),
(2, 633, '2021-07-15', 160, 'Y', 0),
(2, 634, '2021-07-16', 160, 'Y', 0),
(2, 635, '2021-07-17', 160, 'Y', 0),
(2, 636, '2021-07-18', 160, 'Y', 0),
(2, 637, '2021-07-19', 160, 'Y', 0),
(2, 638, '2021-07-20', 160, 'Y', 0),
(2, 639, '2021-07-21', 160, 'Y', 0),
(2, 640, '2021-07-22', 160, 'Y', 0),
(2, 641, '2021-07-23', 160, 'Y', 0),
(2, 642, '2021-07-24', 160, 'Y', 0),
(2, 643, '2021-07-25', 160, 'Y', 0),
(2, 644, '2021-07-26', 160, 'Y', 0),
(2, 645, '2021-07-27', 160, 'Y', 0),
(2, 646, '2021-07-28', 160, 'Y', 0),
(2, 647, '2021-07-29', 160, 'Y', 0),
(2, 648, '2021-07-30', 160, 'Y', 0),
(2, 649, '2021-07-31', 160, 'Y', 0),
(2, 650, '2021-08-01', 160, 'Y', 0),
(2, 651, '2021-08-02', 160, 'Y', 0),
(2, 652, '2021-08-03', 160, 'Y', 0),
(2, 653, '2021-08-04', 160, 'Y', 0),
(2, 654, '2021-08-05', 160, 'Y', 0),
(2, 655, '2021-08-06', 160, 'Y', 0),
(2, 656, '2021-08-07', 160, 'Y', 0),
(2, 657, '2021-08-08', 160, 'Y', 0),
(2, 658, '2021-08-09', 160, 'Y', 0),
(2, 659, '2021-08-10', 160, 'Y', 0),
(2, 660, '2021-08-11', 160, 'Y', 0),
(2, 661, '2021-08-12', 160, 'Y', 0),
(2, 662, '2021-08-13', 160, 'Y', 0),
(2, 663, '2021-08-14', 160, 'Y', 0),
(2, 664, '2021-08-15', 160, 'Y', 0),
(2, 665, '2021-08-16', 160, 'Y', 0),
(2, 666, '2021-08-17', 160, 'Y', 0),
(2, 667, '2021-08-18', 160, 'Y', 0),
(2, 668, '2021-08-19', 160, 'Y', 0),
(2, 669, '2021-08-20', 160, 'Y', 0),
(2, 670, '2021-08-21', 160, 'Y', 0),
(2, 671, '2021-08-22', 160, 'Y', 0),
(2, 672, '2021-08-23', 160, 'Y', 0),
(2, 673, '2021-08-24', 160, 'Y', 0),
(2, 674, '2021-08-25', 160, 'Y', 0),
(2, 675, '2021-08-26', 160, 'Y', 0),
(2, 676, '2021-08-27', 160, 'Y', 0),
(2, 677, '2021-08-28', 160, 'Y', 0),
(2, 678, '2021-08-29', 160, 'Y', 0),
(2, 679, '2021-08-30', 160, 'Y', 0),
(2, 680, '2021-08-31', 160, 'Y', 0),
(2, 681, '2021-09-01', 160, 'Y', 0),
(2, 682, '2021-09-02', 160, 'Y', 0),
(2, 683, '2021-09-03', 160, 'Y', 0),
(2, 684, '2021-09-04', 160, 'Y', 0),
(2, 685, '2021-09-05', 160, 'Y', 0),
(2, 686, '2021-09-06', 160, 'Y', 0),
(2, 687, '2021-09-07', 160, 'Y', 0),
(2, 688, '2021-09-08', 160, 'Y', 0),
(2, 689, '2021-09-09', 160, 'Y', 0),
(2, 690, '2021-09-10', 160, 'Y', 0),
(2, 691, '2021-09-11', 160, 'Y', 0),
(2, 692, '2021-09-12', 160, 'Y', 0),
(2, 693, '2021-09-13', 160, 'Y', 0),
(2, 694, '2021-09-14', 160, 'Y', 0),
(2, 695, '2021-09-15', 160, 'Y', 0),
(2, 696, '2021-09-16', 160, 'Y', 0),
(2, 697, '2021-09-17', 160, 'Y', 0),
(2, 698, '2021-09-18', 160, 'Y', 0),
(2, 699, '2021-09-19', 160, 'Y', 0),
(2, 700, '2021-09-20', 160, 'Y', 0),
(2, 701, '2021-09-21', 160, 'Y', 0),
(2, 702, '2021-09-22', 160, 'Y', 0),
(2, 703, '2021-09-23', 160, 'Y', 0),
(2, 704, '2021-09-24', 160, 'Y', 0),
(2, 705, '2021-09-25', 160, 'Y', 0),
(2, 706, '2021-09-26', 160, 'Y', 0),
(2, 707, '2021-09-27', 160, 'Y', 0),
(2, 708, '2021-09-28', 160, 'Y', 0),
(2, 709, '2021-09-29', 160, 'Y', 0),
(2, 710, '2021-09-30', 160, 'Y', 0),
(2, 711, '2021-10-01', 200, 'Y', 0),
(2, 712, '2021-10-02', 200, 'Y', 0),
(2, 713, '2021-10-03', 200, 'Y', 0),
(2, 714, '2021-10-04', 200, 'Y', 0),
(2, 715, '2021-10-05', 200, 'Y', 0),
(2, 716, '2021-10-06', 200, 'Y', 0),
(2, 717, '2021-10-07', 200, 'Y', 0),
(2, 718, '2021-10-08', 200, 'Y', 0),
(2, 719, '2021-10-09', 200, 'Y', 0),
(2, 720, '2021-10-10', 200, 'Y', 0),
(2, 721, '2021-10-11', 200, 'Y', 0),
(2, 722, '2021-10-12', 200, 'Y', 0),
(2, 723, '2021-10-13', 200, 'Y', 0),
(2, 724, '2021-10-14', 200, 'Y', 0),
(2, 725, '2021-10-15', 200, 'Y', 0),
(2, 726, '2021-10-16', 200, 'Y', 0),
(2, 727, '2021-10-17', 200, 'Y', 0),
(2, 728, '2021-10-18', 200, 'Y', 0),
(2, 729, '2021-10-19', 200, 'Y', 0),
(2, 730, '2021-10-20', 200, 'Y', 0),
(3, 731, '2020-10-21', 160, 'Y', 0),
(3, 732, '2020-10-22', 160, 'Y', 0),
(3, 733, '2020-10-23', 160, 'Y', 0),
(3, 734, '2020-10-24', 160, 'Y', 0),
(3, 735, '2020-10-25', 160, 'Y', 0),
(3, 736, '2020-10-26', 160, 'Y', 0),
(3, 737, '2020-10-27', 160, 'Y', 0),
(3, 738, '2020-10-28', 160, 'Y', 0),
(3, 739, '2020-10-29', 160, 'Y', 0),
(3, 740, '2020-10-30', 160, 'Y', 0),
(3, 741, '2020-10-31', 160, 'Y', 0),
(3, 742, '2020-11-01', 160, 'Y', 0),
(3, 743, '2020-11-02', 160, 'Y', 0),
(3, 744, '2020-11-03', 160, 'Y', 0),
(3, 745, '2020-11-04', 160, 'Y', 0),
(3, 746, '2020-11-05', 160, 'Y', 0),
(3, 747, '2020-11-06', 160, 'Y', 0),
(3, 748, '2020-11-07', 160, 'Y', 0),
(3, 749, '2020-11-08', 160, 'Y', 0),
(3, 750, '2020-11-09', 160, 'Y', 0),
(3, 751, '2020-11-10', 160, 'Y', 0),
(3, 752, '2020-11-11', 160, 'Y', 0),
(3, 753, '2020-11-12', 160, 'Y', 0),
(3, 754, '2020-11-13', 160, 'Y', 0),
(3, 755, '2020-11-14', 160, 'Y', 0),
(3, 756, '2020-11-15', 160, 'Y', 0),
(3, 757, '2020-11-16', 160, 'Y', 0),
(3, 758, '2020-11-17', 160, 'Y', 0),
(3, 759, '2020-11-18', 160, 'Y', 0),
(3, 760, '2020-11-19', 160, 'Y', 0),
(3, 761, '2020-11-20', 160, 'Y', 0),
(3, 762, '2020-11-21', 160, 'Y', 0),
(3, 763, '2020-11-22', 160, 'Y', 0),
(3, 764, '2020-11-23', 160, 'Y', 0),
(3, 765, '2020-11-24', 160, 'Y', 0),
(3, 766, '2020-11-25', 160, 'Y', 0),
(3, 767, '2020-11-26', 160, 'Y', 0),
(3, 768, '2020-11-27', 160, 'Y', 0),
(3, 769, '2020-11-28', 160, 'Y', 0),
(3, 770, '2020-11-29', 160, 'Y', 0),
(3, 771, '2020-11-30', 160, 'Y', 0),
(3, 772, '2020-12-01', 160, 'Y', 0),
(3, 773, '2020-12-02', 160, 'N', 0),
(3, 774, '2020-12-03', 160, 'N', 0),
(3, 775, '2020-12-04', 160, 'Y', 0),
(3, 776, '2020-12-05', 160, 'Y', 0),
(3, 777, '2020-12-06', 160, 'Y', 0),
(3, 778, '2020-12-07', 160, 'Y', 0),
(3, 779, '2020-12-08', 160, 'Y', 0),
(3, 780, '2020-12-09', 160, 'Y', 0),
(3, 781, '2020-12-10', 160, 'Y', 0),
(3, 782, '2020-12-11', 160, 'Y', 0),
(3, 783, '2020-12-12', 160, 'Y', 0),
(3, 784, '2020-12-13', 160, 'Y', 0),
(3, 785, '2020-12-14', 160, 'Y', 0),
(3, 786, '2020-12-15', 160, 'Y', 0),
(3, 787, '2020-12-16', 160, 'Y', 0),
(3, 788, '2020-12-17', 160, 'Y', 0),
(3, 789, '2020-12-18', 160, 'Y', 0),
(3, 790, '2020-12-19', 160, 'Y', 0),
(3, 791, '2020-12-20', 160, 'Y', 0),
(3, 792, '2020-12-21', 160, 'Y', 0),
(3, 793, '2020-12-22', 160, 'Y', 0),
(3, 794, '2020-12-23', 160, 'Y', 0),
(3, 795, '2020-12-24', 160, 'Y', 0),
(3, 796, '2020-12-25', 160, 'Y', 0),
(3, 797, '2020-12-26', 160, 'Y', 0),
(3, 798, '2020-12-27', 160, 'Y', 0),
(3, 799, '2020-12-28', 160, 'Y', 0),
(3, 800, '2020-12-29', 160, 'Y', 0),
(3, 801, '2020-12-30', 160, 'Y', 0),
(3, 802, '2020-12-31', 160, 'Y', 0),
(3, 803, '2021-01-01', 160, 'Y', 0),
(3, 804, '2021-01-02', 160, 'Y', 0),
(3, 805, '2021-01-03', 160, 'Y', 0),
(3, 806, '2021-01-04', 160, 'Y', 0),
(3, 807, '2021-01-05', 160, 'Y', 0),
(3, 808, '2021-01-06', 160, 'Y', 0),
(3, 809, '2021-01-07', 160, 'Y', 0),
(3, 810, '2021-01-08', 160, 'Y', 0),
(3, 811, '2021-01-09', 160, 'Y', 0),
(3, 812, '2021-01-10', 160, 'Y', 0),
(3, 813, '2021-01-11', 160, 'Y', 0),
(3, 814, '2021-01-12', 160, 'Y', 0),
(3, 815, '2021-01-13', 160, 'Y', 0),
(3, 816, '2021-01-14', 160, 'Y', 0),
(3, 817, '2021-01-15', 160, 'Y', 0),
(3, 818, '2021-01-16', 160, 'Y', 0),
(3, 819, '2021-01-17', 160, 'Y', 0),
(3, 820, '2021-01-18', 160, 'Y', 0),
(3, 821, '2021-01-19', 160, 'Y', 0),
(3, 822, '2021-01-20', 160, 'Y', 0),
(3, 823, '2021-01-21', 160, 'Y', 0),
(3, 824, '2021-01-22', 160, 'Y', 0),
(3, 825, '2021-01-23', 160, 'Y', 0),
(3, 826, '2021-01-24', 160, 'Y', 0),
(3, 827, '2021-01-25', 160, 'Y', 0),
(3, 828, '2021-01-26', 160, 'Y', 0),
(3, 829, '2021-01-27', 160, 'Y', 0),
(3, 830, '2021-01-28', 160, 'Y', 0),
(3, 831, '2021-01-29', 160, 'Y', 0),
(3, 832, '2021-01-30', 160, 'Y', 0),
(3, 833, '2021-01-31', 160, 'Y', 0),
(3, 834, '2021-02-01', 160, 'Y', 0),
(3, 835, '2021-02-02', 160, 'Y', 0),
(3, 836, '2021-02-03', 160, 'Y', 0),
(3, 837, '2021-02-04', 160, 'Y', 0),
(3, 838, '2021-02-05', 160, 'Y', 0),
(3, 839, '2021-02-06', 160, 'Y', 0),
(3, 840, '2021-02-07', 160, 'Y', 0),
(3, 841, '2021-02-08', 160, 'Y', 0),
(3, 842, '2021-02-09', 160, 'Y', 0),
(3, 843, '2021-02-10', 160, 'Y', 0),
(3, 844, '2021-02-11', 160, 'Y', 0),
(3, 845, '2021-02-12', 160, 'Y', 0),
(3, 846, '2021-02-13', 160, 'Y', 0),
(3, 847, '2021-02-14', 160, 'Y', 0),
(3, 848, '2021-02-15', 160, 'Y', 0),
(3, 849, '2021-02-16', 160, 'Y', 0),
(3, 850, '2021-02-17', 160, 'Y', 0),
(3, 851, '2021-02-18', 160, 'Y', 0),
(3, 852, '2021-02-19', 160, 'Y', 0),
(3, 853, '2021-02-20', 160, 'Y', 0),
(3, 854, '2021-02-21', 160, 'Y', 0),
(3, 855, '2021-02-22', 160, 'Y', 0),
(3, 856, '2021-02-23', 160, 'Y', 0),
(3, 857, '2021-02-24', 160, 'Y', 0),
(3, 858, '2021-02-25', 160, 'Y', 0),
(3, 859, '2021-02-26', 160, 'Y', 0),
(3, 860, '2021-02-27', 160, 'Y', 0),
(3, 861, '2021-02-28', 160, 'Y', 0),
(3, 862, '2021-03-01', 160, 'Y', 0),
(3, 863, '2021-03-02', 160, 'Y', 0),
(3, 864, '2021-03-03', 160, 'Y', 0),
(3, 865, '2021-03-04', 160, 'Y', 0),
(3, 866, '2021-03-05', 160, 'Y', 0),
(3, 867, '2021-03-06', 160, 'Y', 0),
(3, 868, '2021-03-07', 160, 'Y', 0),
(3, 869, '2021-03-08', 160, 'Y', 0),
(3, 870, '2021-03-09', 160, 'Y', 0),
(3, 871, '2021-03-10', 160, 'Y', 0),
(3, 872, '2021-03-11', 160, 'Y', 0),
(3, 873, '2021-03-12', 160, 'Y', 0),
(3, 874, '2021-03-13', 160, 'Y', 0),
(3, 875, '2021-03-14', 160, 'Y', 0),
(3, 876, '2021-03-15', 160, 'Y', 0),
(3, 877, '2021-03-16', 160, 'Y', 0),
(3, 878, '2021-03-17', 160, 'Y', 0),
(3, 879, '2021-03-18', 160, 'Y', 0),
(3, 880, '2021-03-19', 160, 'Y', 0),
(3, 881, '2021-03-20', 160, 'Y', 0),
(3, 882, '2021-03-21', 160, 'Y', 0),
(3, 883, '2021-03-22', 160, 'Y', 0),
(3, 884, '2021-03-23', 160, 'Y', 0),
(3, 885, '2021-03-24', 160, 'Y', 0),
(3, 886, '2021-03-25', 160, 'Y', 0),
(3, 887, '2021-03-26', 160, 'Y', 0),
(3, 888, '2021-03-27', 160, 'Y', 0),
(3, 889, '2021-03-28', 160, 'Y', 0),
(3, 890, '2021-03-29', 160, 'Y', 0),
(3, 891, '2021-03-30', 160, 'Y', 0),
(3, 892, '2021-03-31', 160, 'Y', 0),
(3, 893, '2021-04-01', 160, 'Y', 0),
(3, 894, '2021-04-02', 160, 'Y', 0),
(3, 895, '2021-04-03', 160, 'Y', 0),
(3, 896, '2021-04-04', 160, 'Y', 0),
(3, 897, '2021-04-05', 160, 'Y', 0),
(3, 898, '2021-04-06', 160, 'Y', 0),
(3, 899, '2021-04-07', 160, 'Y', 0),
(3, 900, '2021-04-08', 160, 'Y', 0),
(3, 901, '2021-04-09', 160, 'Y', 0),
(3, 902, '2021-04-10', 160, 'Y', 0),
(3, 903, '2021-04-11', 160, 'Y', 0),
(3, 904, '2021-04-12', 160, 'Y', 0),
(3, 905, '2021-04-13', 160, 'Y', 0),
(3, 906, '2021-04-14', 160, 'Y', 0),
(3, 907, '2021-04-15', 160, 'Y', 0),
(3, 908, '2021-04-16', 160, 'Y', 0),
(3, 909, '2021-04-17', 160, 'Y', 0),
(3, 910, '2021-04-18', 160, 'Y', 0),
(3, 911, '2021-04-19', 160, 'Y', 0),
(3, 912, '2021-04-20', 160, 'Y', 0),
(3, 913, '2021-04-21', 160, 'Y', 0),
(3, 914, '2021-04-22', 160, 'Y', 0),
(3, 915, '2021-04-23', 160, 'Y', 0),
(3, 916, '2021-04-24', 160, 'Y', 0),
(3, 917, '2021-04-25', 160, 'Y', 0),
(3, 918, '2021-04-26', 160, 'Y', 0),
(3, 919, '2021-04-27', 160, 'Y', 0),
(3, 920, '2021-04-28', 160, 'Y', 0),
(3, 921, '2021-04-29', 160, 'Y', 0),
(3, 922, '2021-04-30', 160, 'Y', 0),
(3, 923, '2021-05-01', 140, 'Y', 0),
(3, 924, '2021-05-02', 140, 'Y', 0),
(3, 925, '2021-05-03', 140, 'Y', 0),
(3, 926, '2021-05-04', 140, 'Y', 0),
(3, 927, '2021-05-05', 140, 'Y', 0),
(3, 928, '2021-05-06', 140, 'Y', 0),
(3, 929, '2021-05-07', 140, 'Y', 0),
(3, 930, '2021-05-08', 140, 'Y', 0),
(3, 931, '2021-05-09', 140, 'Y', 0),
(3, 932, '2021-05-10', 140, 'Y', 0),
(3, 933, '2021-05-11', 140, 'Y', 0),
(3, 934, '2021-05-12', 140, 'Y', 0),
(3, 935, '2021-05-13', 140, 'Y', 0),
(3, 936, '2021-05-14', 140, 'Y', 0),
(3, 937, '2021-05-15', 140, 'Y', 0),
(3, 938, '2021-05-16', 140, 'Y', 0),
(3, 939, '2021-05-17', 140, 'Y', 0),
(3, 940, '2021-05-18', 140, 'Y', 0),
(3, 941, '2021-05-19', 140, 'Y', 0),
(3, 942, '2021-05-20', 140, 'Y', 0),
(3, 943, '2021-05-21', 140, 'Y', 0),
(3, 944, '2021-05-22', 140, 'Y', 0),
(3, 945, '2021-05-23', 140, 'Y', 0),
(3, 946, '2021-05-24', 140, 'Y', 0),
(3, 947, '2021-05-25', 140, 'Y', 0),
(3, 948, '2021-05-26', 140, 'Y', 0),
(3, 949, '2021-05-27', 140, 'Y', 0),
(3, 950, '2021-05-28', 140, 'Y', 0),
(3, 951, '2021-05-29', 140, 'Y', 0),
(3, 952, '2021-05-30', 140, 'Y', 0),
(3, 953, '2021-05-31', 140, 'Y', 0),
(3, 954, '2021-06-01', 140, 'Y', 0),
(3, 955, '2021-06-02', 140, 'Y', 0),
(3, 956, '2021-06-03', 140, 'Y', 0),
(3, 957, '2021-06-04', 140, 'Y', 0),
(3, 958, '2021-06-05', 140, 'Y', 0),
(3, 959, '2021-06-06', 140, 'Y', 0),
(3, 960, '2021-06-07', 140, 'Y', 0),
(3, 961, '2021-06-08', 140, 'Y', 0),
(3, 962, '2021-06-09', 140, 'Y', 0),
(3, 963, '2021-06-10', 140, 'Y', 0),
(3, 964, '2021-06-11', 140, 'Y', 0),
(3, 965, '2021-06-12', 140, 'Y', 0),
(3, 966, '2021-06-13', 140, 'Y', 0),
(3, 967, '2021-06-14', 140, 'Y', 0),
(3, 968, '2021-06-15', 140, 'Y', 0),
(3, 969, '2021-06-16', 140, 'Y', 0),
(3, 970, '2021-06-17', 140, 'Y', 0),
(3, 971, '2021-06-18', 140, 'Y', 0),
(3, 972, '2021-06-19', 140, 'Y', 0),
(3, 973, '2021-06-20', 140, 'Y', 0),
(3, 974, '2021-06-21', 140, 'Y', 0),
(3, 975, '2021-06-22', 140, 'Y', 0),
(3, 976, '2021-06-23', 140, 'Y', 0),
(3, 977, '2021-06-24', 140, 'Y', 0),
(3, 978, '2021-06-25', 140, 'Y', 0),
(3, 979, '2021-06-26', 140, 'Y', 0),
(3, 980, '2021-06-27', 140, 'Y', 0),
(3, 981, '2021-06-28', 140, 'Y', 0),
(3, 982, '2021-06-29', 140, 'Y', 0),
(3, 983, '2021-06-30', 140, 'Y', 0),
(3, 984, '2021-07-01', 140, 'Y', 0),
(3, 985, '2021-07-02', 140, 'Y', 0),
(3, 986, '2021-07-03', 140, 'Y', 0),
(3, 987, '2021-07-04', 140, 'Y', 0),
(3, 988, '2021-07-05', 140, 'Y', 0),
(3, 989, '2021-07-06', 140, 'Y', 0),
(3, 990, '2021-07-07', 140, 'Y', 0),
(3, 991, '2021-07-08', 140, 'Y', 0),
(3, 992, '2021-07-09', 140, 'Y', 0),
(3, 993, '2021-07-10', 140, 'Y', 0),
(3, 994, '2021-07-11', 140, 'Y', 0),
(3, 995, '2021-07-12', 140, 'Y', 0),
(3, 996, '2021-07-13', 140, 'Y', 0),
(3, 997, '2021-07-14', 140, 'Y', 0),
(3, 998, '2021-07-15', 140, 'Y', 0),
(3, 999, '2021-07-16', 140, 'Y', 0),
(3, 1000, '2021-07-17', 140, 'Y', 0),
(3, 1001, '2021-07-18', 140, 'Y', 0),
(3, 1002, '2021-07-19', 140, 'Y', 0),
(3, 1003, '2021-07-20', 140, 'Y', 0),
(3, 1004, '2021-07-21', 140, 'Y', 0),
(3, 1005, '2021-07-22', 140, 'Y', 0),
(3, 1006, '2021-07-23', 140, 'Y', 0),
(3, 1007, '2021-07-24', 140, 'Y', 0),
(3, 1008, '2021-07-25', 140, 'Y', 0),
(3, 1009, '2021-07-26', 140, 'Y', 0),
(3, 1010, '2021-07-27', 140, 'Y', 0),
(3, 1011, '2021-07-28', 140, 'Y', 0),
(3, 1012, '2021-07-29', 140, 'Y', 0),
(3, 1013, '2021-07-30', 140, 'Y', 0),
(3, 1014, '2021-07-31', 140, 'Y', 0),
(3, 1015, '2021-08-01', 140, 'Y', 0),
(3, 1016, '2021-08-02', 140, 'Y', 0),
(3, 1017, '2021-08-03', 140, 'Y', 0),
(3, 1018, '2021-08-04', 140, 'Y', 0),
(3, 1019, '2021-08-05', 140, 'Y', 0),
(3, 1020, '2021-08-06', 140, 'Y', 0),
(3, 1021, '2021-08-07', 140, 'Y', 0),
(3, 1022, '2021-08-08', 140, 'Y', 0),
(3, 1023, '2021-08-09', 140, 'Y', 0),
(3, 1024, '2021-08-10', 140, 'Y', 0),
(3, 1025, '2021-08-11', 140, 'Y', 0),
(3, 1026, '2021-08-12', 140, 'Y', 0),
(3, 1027, '2021-08-13', 140, 'Y', 0),
(3, 1028, '2021-08-14', 140, 'Y', 0),
(3, 1029, '2021-08-15', 140, 'Y', 0),
(3, 1030, '2021-08-16', 140, 'Y', 0),
(3, 1031, '2021-08-17', 140, 'Y', 0),
(3, 1032, '2021-08-18', 140, 'Y', 0),
(3, 1033, '2021-08-19', 140, 'Y', 0),
(3, 1034, '2021-08-20', 140, 'Y', 0),
(3, 1035, '2021-08-21', 140, 'Y', 0),
(3, 1036, '2021-08-22', 140, 'Y', 0),
(3, 1037, '2021-08-23', 140, 'Y', 0),
(3, 1038, '2021-08-24', 140, 'Y', 0),
(3, 1039, '2021-08-25', 140, 'Y', 0),
(3, 1040, '2021-08-26', 140, 'Y', 0),
(3, 1041, '2021-08-27', 140, 'Y', 0),
(3, 1042, '2021-08-28', 140, 'Y', 0),
(3, 1043, '2021-08-29', 140, 'Y', 0),
(3, 1044, '2021-08-30', 140, 'Y', 0),
(3, 1045, '2021-08-31', 140, 'Y', 0),
(3, 1046, '2021-09-01', 140, 'Y', 0),
(3, 1047, '2021-09-02', 140, 'Y', 0),
(3, 1048, '2021-09-03', 140, 'Y', 0),
(3, 1049, '2021-09-04', 140, 'Y', 0),
(3, 1050, '2021-09-05', 140, 'Y', 0),
(3, 1051, '2021-09-06', 140, 'Y', 0),
(3, 1052, '2021-09-07', 140, 'Y', 0),
(3, 1053, '2021-09-08', 140, 'Y', 0),
(3, 1054, '2021-09-09', 140, 'Y', 0),
(3, 1055, '2021-09-10', 140, 'Y', 0),
(3, 1056, '2021-09-11', 140, 'Y', 0),
(3, 1057, '2021-09-12', 140, 'Y', 0),
(3, 1058, '2021-09-13', 140, 'Y', 0),
(3, 1059, '2021-09-14', 140, 'Y', 0),
(3, 1060, '2021-09-15', 140, 'Y', 0),
(3, 1061, '2021-09-16', 140, 'Y', 0),
(3, 1062, '2021-09-17', 140, 'Y', 0),
(3, 1063, '2021-09-18', 140, 'Y', 0),
(3, 1064, '2021-09-19', 140, 'Y', 0),
(3, 1065, '2021-09-20', 140, 'Y', 0),
(3, 1066, '2021-09-21', 140, 'Y', 0),
(3, 1067, '2021-09-22', 140, 'Y', 0),
(3, 1068, '2021-09-23', 140, 'Y', 0),
(3, 1069, '2021-09-24', 140, 'Y', 0),
(3, 1070, '2021-09-25', 140, 'Y', 0),
(3, 1071, '2021-09-26', 140, 'Y', 0),
(3, 1072, '2021-09-27', 140, 'Y', 0),
(3, 1073, '2021-09-28', 140, 'Y', 0),
(3, 1074, '2021-09-29', 140, 'Y', 0),
(3, 1075, '2021-09-30', 140, 'Y', 0),
(3, 1076, '2021-10-01', 160, 'Y', 0),
(3, 1077, '2021-10-02', 160, 'Y', 0),
(3, 1078, '2021-10-03', 160, 'Y', 0),
(3, 1079, '2021-10-04', 160, 'Y', 0),
(3, 1080, '2021-10-05', 160, 'Y', 0),
(3, 1081, '2021-10-06', 160, 'Y', 0),
(3, 1082, '2021-10-07', 160, 'Y', 0),
(3, 1083, '2021-10-08', 160, 'Y', 0),
(3, 1084, '2021-10-09', 160, 'Y', 0),
(3, 1085, '2021-10-10', 160, 'Y', 0),
(3, 1086, '2021-10-11', 160, 'Y', 0),
(3, 1087, '2021-10-12', 160, 'Y', 0),
(3, 1088, '2021-10-13', 160, 'Y', 0),
(3, 1089, '2021-10-14', 160, 'Y', 0),
(3, 1090, '2021-10-15', 160, 'Y', 0),
(3, 1091, '2021-10-16', 160, 'Y', 0),
(3, 1092, '2021-10-17', 160, 'Y', 0),
(3, 1093, '2021-10-18', 160, 'Y', 0),
(3, 1094, '2021-10-19', 160, 'Y', 0),
(3, 1095, '2021-10-20', 160, 'Y', 0);

-- --------------------------------------------------------

--
-- Table structure for table `user_messages`
--

DROP TABLE IF EXISTS `user_messages`;
CREATE TABLE IF NOT EXISTS `user_messages` (
  `message_id` int(11) NOT NULL AUTO_INCREMENT,
  `user_id` int(11) NOT NULL,
  `user_fullName` varchar(300) NOT NULL,
  `user_number` int(10) NOT NULL,
  `user_email` varchar(100) NOT NULL,
  `user_PreferredMethod` varchar(100) NOT NULL,
  `user_comments` text NOT NULL,
  `added_on` timestamp NOT NULL DEFAULT current_timestamp() ON UPDATE current_timestamp(),
  PRIMARY KEY (`message_id`),
  KEY `user_id` (`user_id`)
) ENGINE=MyISAM AUTO_INCREMENT=10 DEFAULT CHARSET=latin1;

--
-- Dumping data for table `user_messages`
--

INSERT INTO `user_messages` (`message_id`, `user_id`, `user_fullName`, `user_number`, `user_email`, `user_PreferredMethod`, `user_comments`, `added_on`) VALUES
(1, 0, 'Marium', 433975432, 'syeda.marium118@gmail.com', 'mobile', 'hi\r\n', '2020-10-19 15:19:32'),
(2, 0, 'aliza', 444546090, 'aleezanov@outlook.com', 'mobile', 'hi\r\n', '2020-10-19 15:21:45'),
(3, 0, 'Marium', 433975432, 'syeda.marium118@gmail.com', 'mobile', 'no', '2020-10-19 15:24:15'),
(4, 0, 'Marium faisal', 433975432, 'syeda.marium118@gmail.com', 'email', 'mmooooooooooooooooooo', '2020-10-19 15:31:47'),
(5, 0, 'Marium', 433975432, 'syeda.marium118@gmail.com', 'email', 'hello , like ur website', '2020-10-27 22:04:01'),
(6, 0, 'faisal', 444545665, 'faisal@gmail.com', 'email', 'i want to book one of ur house ', '2020-11-01 22:17:03'),
(7, 1, 'Marium', 433975432, 'syeda.marium118@gmail.com', 'mobile', 'heloooooooooooooooo', '2020-11-01 22:12:24'),
(8, 3, 'test', 8888, 'test@gmail.com', 'mobile', '&quot; test&quot;', '2020-11-07 17:04:14'),
(9, 3, 'test', 8888, 'test@gmail.com', 'email', 'new test&quot;', '2020-11-07 17:05:03');
COMMIT;

/*!40101 SET CHARACTER_SET_CLIENT=@OLD_CHARACTER_SET_CLIENT */;
/*!40101 SET CHARACTER_SET_RESULTS=@OLD_CHARACTER_SET_RESULTS */;
/*!40101 SET COLLATION_CONNECTION=@OLD_COLLATION_CONNECTION */;
